https://cbu01.alicdn.com/img/ibank/O1CN01F1vH8b1w5IStHgQVQ_!!2211315446256-0-cib.jpg,tmc1
https://cbu01.alicdn.com/img/ibank/O1CN01BXDVxu1w5IbC2wHkF_!!2211315446256-0-cib.jpg,tmc2
https://cbu01.alicdn.com/img/ibank/O1CN01GfIppA1w5IXypDABU_!!2211315446256-0-cib.jpg,tmc3
https://cbu01.alicdn.com/img/ibank/O1CN01J14WNU1w5IVNOBnSA_!!2211315446256-0-cib.jpg,tmc4
https://cbu01.alicdn.com/img/ibank/O1CN01LeNQKm1w5ISx7RoKA_!!2211315446256-0-cib.jpg,tmc5
https://cbu01.alicdn.com/img/ibank/O1CN01PZZTPQ1w5Ic8oBYf0_!!2211315446256-0-cib.jpg,tmc6
https://cbu01.alicdn.com/img/ibank/O1CN01PxYej91w5ISi0oj16_!!2211315446256-0-cib.jpg,tmc7
https://cbu01.alicdn.com/img/ibank/O1CN01RO5aRU1w5IU4vDbKe_!!2211315446256-0-cib.jpg,tmc8
https://cbu01.alicdn.com/img/ibank/O1CN01VS561G1w5ISqd77oz_!!2211315446256-0-cib.jpg,tmc9
https://cbu01.alicdn.com/img/ibank/O1CN01Vz9HAY1w5ISr9481Q_!!2211315446256-0-cib.jpg,tmc10
https://cbu01.alicdn.com/img/ibank/O1CN01YsuAJD1w5IYLKrJ7h_!!2211315446256-0-cib.jpg,tmc11
https://cbu01.alicdn.com/img/ibank/O1CN01ZuJ5HZ1w5IaG00ipb_!!2211315446256-0-cib.jpg,tmc12
https://cbu01.alicdn.com/img/ibank/O1CN01cfR6x61w5IWjJDsL6_!!2211315446256-0-cib.jpg,tmc13
https://cbu01.alicdn.com/img/ibank/O1CN01fE5INF1w5ISrCFuMw_!!2211315446256-0-cib.jpg,tmc14
https://cbu01.alicdn.com/img/ibank/O1CN01hdDt421w5ITqH9Gfj_!!2211315446256-0-cib.jpg,tmc15
https://cbu01.alicdn.com/img/ibank/O1CN01UVvUsI1w5ISvbsBSB_!!2211315446256-0-cib.jpg,tmc16
https://cbu01.alicdn.com/img/ibank/O1CN01jmnc9c1w5ISx6W4bl_!!2211315446256-0-cib.jpg,tmc17
https://cbu01.alicdn.com/img/ibank/O1CN01q0U0wM1w5IStKTd6h_!!2211315446256-0-cib.jpg,tmc18
https://cbu01.alicdn.com/img/ibank/O1CN01qyH9z81w5IStH5IgO_!!2211315446256-0-cib.jpg,tmc19
https://cbu01.alicdn.com/img/ibank/O1CN01vqa3Vw1w5IXvBkh5C_!!2211315446256-0-cib.jpg,tmc20
https://cbu01.alicdn.com/img/ibank/O1CN01yUgb2w1w5ISu8zJuj_!!2211315446256-0-cib.jpg,tmc21
